{
    "loss": 2.065420150756836,
    "accuracy": 0.5882353186607361,
    "precision": 0.5882353186607361,
    "recall": 0.5882353186607361
}