{
    "loss": 26.87396812438965,
    "accuracy": 0.4313725531101227,
    "precision": 0.4313725531101227,
    "recall": 0.4313725531101227
}